{
  "portfolio": {
    "final_value": 7335531.92919952,
    "total_return": 6.33553192919952,
    "annual_return": 0.11720427841319436,
    "volatility": 0.23531493246272633,
    "sharpe_ratio": 0.4980741221416512,
    "max_drawdown": -0.49034646817984406
  },
  "spy": {
    "final_value": 6924034.596885997,
    "total_return": 5.924034596885996,
    "annual_return": 0.11362287431602924,
    "volatility": 0.19891980781401614,
    "sharpe_ratio": 0.5711993972076582,
    "max_drawdown": -0.5148146229379017
  },
  "trading": {
    "total_trades": 767,
    "total_transaction_costs": 86961.91259880362,
    "total_management_fees": 1589781.050274008,
    "total_performance_fees": 2862706.419257531,
    "total_all_costs": 4539449.382130343,
    "regime_distribution": {
      "bull": 2004,
      "normal": 1232,
      "bear": 819,
      "crisis": 476
    },
    "delistings_detected": 0,
    "delisted_tickers": []
  },
  "bias_controls": {
    "pit_method": "asof_date (SEC acceptance_datetime)",
    "fallback_lag_days": 60,
    "delisting_return_assumption": -0.3,
    "survivorship_warnings": []
  },
  "ff5_attribution": {
    "alpha_annualized": 0.027077415019635797,
    "alpha_tstat": 0.682996789818438,
    "alpha_pvalue": 0.4946441487021346,
    "Mkt-RF": 0.7854847818188575,
    "SMB": 0.27216536916103673,
    "HML": -0.17651020026160028,
    "RMW": 0.04062979725636686,
    "CMA": -0.0999902536869363,
    "r_squared": 0.4981342893978169
  },
  "ff5_first_half": {
    "alpha_annualized": 0.10336677909226878,
    "alpha_tstat": 2.34062532911799,
    "alpha_pvalue": 0.019338021350136486,
    "Mkt-RF": 0.7463078298600374,
    "SMB": 0.2810685961394282,
    "HML": -0.13321043178091713,
    "RMW": -0.06549177282681591,
    "CMA": -0.014637254000276469,
    "r_squared": 0.606495352864992,
    "sharpe": 0.858037833445285,
    "start_date": "2008-02",
    "end_date": "2017-02"
  },
  "ff5_second_half": {
    "alpha_annualized": -0.05118618256821796,
    "alpha_tstat": -0.7751556122485127,
    "alpha_pvalue": 0.4383302705331681,
    "Mkt-RF": 0.8069887380427325,
    "SMB": 0.2907302551115128,
    "HML": -0.2233609203471595,
    "RMW": 0.13327989966495693,
    "CMA": -0.11701328101765704,
    "r_squared": 0.4288095674612211,
    "sharpe": 0.2252619078518279,
    "start_date": "2017-02",
    "end_date": "2026-02"
  }
}