{
  "portfolio": {
    "final_value": 4883743565.361782,
    "total_return": 8.767487130723564,
    "annual_return": 0.13513787785294684,
    "volatility": 0.22371458448117626,
    "sharpe_ratio": 0.6040637813862224,
    "max_drawdown": -0.43492848568291836
  },
  "spy": {
    "final_value": 3462017298.4429984,
    "total_return": 5.924034596885996,
    "annual_return": 0.11362287431602924,
    "volatility": 0.19891980781401622,
    "sharpe_ratio": 0.571199397207658,
    "max_drawdown": -0.5148146229379017
  },
  "trading": {
    "total_trades": 230,
    "total_transaction_costs": 60010208.27926982,
    "total_management_fees": 1003830525.4199001,
    "total_performance_fees": 1007877013.0064921,
    "total_all_costs": 2071717746.705662,
    "regime_distribution": {
      "bull": 2004,
      "normal": 1232,
      "bear": 819,
      "crisis": 476
    },
    "delistings_detected": 0,
    "delisted_tickers": []
  },
  "bias_controls": {
    "pit_method": "asof_date (SEC acceptance_datetime)",
    "fallback_lag_days": 60,
    "delisting_return_assumption": -0.3,
    "survivorship_warnings": []
  },
  "ff5_attribution": {
    "alpha_annualized": 0.040553827159175805,
    "alpha_tstat": 1.1422531706413674,
    "alpha_pvalue": 0.2534097759710568,
    "Mkt-RF": 0.7848780217661734,
    "SMB": 0.29509274484042813,
    "HML": -0.12355817164740868,
    "RMW": 0.06309270210866773,
    "CMA": -0.09842886994645798,
    "r_squared": 0.5545027250325373
  },
  "ff5_first_half": {
    "alpha_annualized": 0.12484540098644917,
    "alpha_tstat": 2.926979014297239,
    "alpha_pvalue": 0.0034568972145397224,
    "Mkt-RF": 0.7419922623089527,
    "SMB": 0.2842289687000101,
    "HML": -0.1376642118269288,
    "RMW": -0.05856879254288511,
    "CMA": -0.028815378009139823,
    "r_squared": 0.6199149140547897,
    "sharpe": 0.9991895631174014,
    "start_date": "2008-02",
    "end_date": "2017-02"
  },
  "ff5_second_half": {
    "alpha_annualized": -0.04429065743120221,
    "alpha_tstat": -0.7794201130982216,
    "alpha_pvalue": 0.43581535880014255,
    "Mkt-RF": 0.8290346962968067,
    "SMB": 0.2892097709326509,
    "HML": -0.10783498004407299,
    "RMW": 0.09771672142085168,
    "CMA": -0.12902847541831555,
    "r_squared": 0.5089374540751661,
    "sharpe": 0.2867497181226383,
    "start_date": "2017-02",
    "end_date": "2026-02"
  }
}