{
  "portfolio": {
    "final_value": 22572372.76321339,
    "total_return": 21.572372763213387,
    "annual_return": 0.18927343089441417,
    "volatility": 0.20970170150487139,
    "sharpe_ratio": 0.9025841446976401,
    "max_drawdown": -0.3400597368958902
  },
  "spy": {
    "final_value": 6924034.596885997,
    "total_return": 5.924034596885996,
    "annual_return": 0.11362287431602924,
    "volatility": 0.19891980781401614,
    "sharpe_ratio": 0.5711993972076582,
    "max_drawdown": -0.5148146229379017
  },
  "trading": {
    "total_trades": 1497,
    "total_transaction_costs": 187824.01123958244,
    "regime_distribution": {
      "bull": 2004,
      "normal": 1232,
      "bear": 819,
      "crisis": 476
    },
    "delistings_detected": 0,
    "delisted_tickers": []
  },
  "bias_controls": {
    "pit_method": "asof_date (SEC acceptance_datetime)",
    "fallback_lag_days": 60,
    "delisting_return_assumption": -0.3,
    "survivorship_warnings": []
  },
  "ff5_attribution": {
    "alpha_annualized": 0.08326018361944244,
    "alpha_tstat": 2.669981486038722,
    "alpha_pvalue": 0.007612895393941242,
    "Mkt-RF": 0.7722255744695875,
    "SMB": 0.2877130534234021,
    "HML": -0.06882095041617126,
    "RMW": 0.03733157271725583,
    "CMA": 0.025500391507282193,
    "r_squared": 0.607714396875711
  },
  "ff5_first_half": {
    "alpha_annualized": 0.1558508233815664,
    "alpha_tstat": 3.8605403340514,
    "alpha_pvalue": 0.00011631181644895459,
    "Mkt-RF": 0.7344392905684755,
    "SMB": 0.2810882657493847,
    "HML": -0.12278786166811444,
    "RMW": -0.05110158849941218,
    "CMA": 0.026989136487160836,
    "r_squared": 0.6406346211920595,
    "sharpe": 1.2233492317996264,
    "start_date": "2008-02",
    "end_date": "2017-02"
  },
  "ff5_second_half": {
    "alpha_annualized": 0.011170655504305328,
    "alpha_tstat": 0.2358839960976594,
    "alpha_pvalue": 0.8135444458981766,
    "Mkt-RF": 0.8270021254097121,
    "SMB": 0.2469150905261088,
    "HML": -0.00022411424922177647,
    "RMW": 0.0015503682408679678,
    "CMA": 0.005209219425523639,
    "r_squared": 0.5853132940859951,
    "sharpe": 0.6217856781169793,
    "start_date": "2017-02",
    "end_date": "2026-02"
  }
}