{
  "portfolio": {
    "final_value": 22375210.50251305,
    "total_return": 21.375210502513053,
    "annual_return": 0.1888294328472584,
    "volatility": 0.2761475434970691,
    "sharpe_ratio": 0.6837990679039393,
    "max_drawdown": -0.5301632840781053
  },
  "spy": {
    "final_value": 7158935.324888334,
    "total_return": 6.158935324888334,
    "annual_return": 0.1157720735268517,
    "volatility": 0.1988979201092866,
    "sharpe_ratio": 0.5820677936865277,
    "max_drawdown": -0.5148146229379017
  },
  "trading": {
    "total_trades": 1375,
    "total_transaction_costs": 238329.27680519628,
    "regime_distribution": {
      "bull": 1869,
      "normal": 1662,
      "bear": 694,
      "crisis": 303
    },
    "delistings_detected": 0,
    "delisted_tickers": []
  },
  "bias_controls": {
    "pit_method": "asof_date (SEC acceptance_datetime)",
    "fallback_lag_days": 60,
    "delisting_return_assumption": -0.3,
    "survivorship_warnings": []
  },
  "ff5_attribution": {
    "alpha_annualized": 0.10245919893418605,
    "Mkt-RF": 0.8146821047918761,
    "SMB": 0.3412580017866377,
    "HML": 0.03282421767514072,
    "RMW": -0.10568038689396024,
    "CMA": 0.13394020937375983,
    "r_squared": 0.4201157325188154
  }
}